Aliquam,7
Cras,4
Curabitur,9
Curabitur,9
Curabitur,9
Donec,5
Donec,5
Donec,5
Donec,5
Donec,5
Donec,5
Duis,4
Duis,4
Etiam,5
Fusce,5
Fusce,5
Fusce,5
In,2
In,2
Integer,7
Integer,7
Integer,7
Integer,7
Lorem,5
Lorem,5
Maecenas,8
Mauris,6
Mauris,6
Mauris,6
Mauris,6
Morbi,5
Morbi,5
Morbi,5
Nam,3
Nulla,5
Nulla,5
Nulla,5
Nullam,6
Nunc,4
Pellentesque,12
Pellentesque,12
Pellentesque,12
Phasellus,9
Phasellus,9
Praesent,8
Proin,5
Proin,5
Sed,3
Sed,3
Sed,3
Sed,3
Sed,3
Sed,3
Ut,2
Vestibulum,10
Vestibulum,10
a,1
a,1
a,,2
a.,2
a.,2
ac,2
ac,2
ac,2
ac,2
adipiscing,10
adipiscing,10
aliquam,7
aliquam,7
aliquam,,8
aliquet,7
aliquet,7
aliquet,7
amet,4
amet,4
amet,4
amet,4
amet,4
amet,,5
amet,,5
amet,,5
ante,,5
arcu,4
arcu,4
arcu.,5
at,2
at,2
at,2
at.,3
auctor,6
auctor,6
auctor,6
auctor,6
augue,5
augue,5
augue,5
augue,5
bibendum,8
blandit,7
commodo,7
commodo.,8
condimentum,11
condimentum,11
condimentum.,12
condimentum.,12
congue,6
congue,6
consectetur,11
consectetur,11
consectetur,11
consectetur,11
consectetur,11
consectetur,11
consequat,9
consequat.,10
consequat.,10
convallis,9
cursus,6
dapibus,7
diam,4
diam,4
diam.,5
diam.,5
dictum.,7
dignissim.,10
dolor,5
dolor,5
dui,3
efficitur,9
efficitur,9
efficitur,9
efficitur,,10
egestas,7
egestas,7
eget,4
eget,4
eget,4
eget,4
eget,4
eget,4
eget,4
eget,4
eleifend,8
eleifend,8
elementum,9
elit,4
elit,4
elit,,5
elit.,5
elit.,5
enim,,5
enim.,5
erat,4
erat,4
erat,4
erat,,5
eros,4
eros,4
eros,4
eros,4
eros,4
eros.,5
et,2
et,2
et,2
et.,3
eu,2
eu,2
euismod,7
euismod,7
ex,2
ex,2
ex,2
ex,,3
ex,,3
ex.,3
faucibus,8
faucibus,8
faucibus.,9
felis,5
fermentum,9
feugiat,7
finibus,7
gravida,7
hendrerit,9
hendrerit,9
hendrerit,,10
hendrerit,,10
iaculis,7
id,2
id,2
id,2
id,2
id,,3
id,,3
id.,3
imperdiet,9
imperdiet,9
imperdiet,9
imperdiet,9
imperdiet,,10
in,2
in,2
in.,3
interdum,8
interdum,8
interdum,8
interdum.,9
ipsum,5
ipsum,5
ipsum,5
justo,5
justo.,6
justo.,6
lacinia,7
lacinia,7
lacinia.,8
lacus,,6
lacus,,6
laoreet,7
laoreet.,8
lectus,6
lectus,6
lectus,6
lectus,6
lectus.,7
lectus.,7
leo,3
leo,3
libero,6
libero,6
libero,,7
ligula.,7
lobortis,8
lobortis,8
lorem,5
lorem,5
lorem.,6
luctus,6
magna,5
magna,5
magna,,6
magna,,6
malesuada,9
malesuada,9
malesuada,,10
malesuada.,10
massa,5
massa,5
massa,,6
massa,,6
massa.,6
mattis,6
mattis,,7
mauris,6
mauris,6
mauris,6
mauris.,7
maximus,7
maximus.,8
maximus.,8
metus,5
mi,2
mi,2
molestie,8
molestie,8
mollis,6
mollis,6
nec,3
nec,3
nec,3
nec,3
nec,3
nec,3
nec,3
nec,3
nec.,4
nisi,4
nisi,4
nisl,4
non,3
non,3
non,3
non,3
non,3
non,3
non,3
non,3
nulla,5
nulla,5
nulla,5
nunc,4
nunc,4
nunc,4
nunc.,5
odio,4
odio,4
odio,4
odio,,5
odio.,5
odio.,5
orci,4
orci,4
orci,,5
orci.,5
ornare,6
ornare,,7
pellentesque.,13
pharetra,8
pharetra,8
pharetra.,9
placerat,,9
placerat.,9
porta,5
porta,5
porta.,6
porttitor,9
porttitor,9
porttitor,9
posuere,7
pulvinar,8
pulvinar,8
pulvinar,8
purus,5
purus,,6
quam,4
quam.,5
quis,4
quis,4
quis,4
quis,4
quis,4
quis,4
quis,,5
rhoncus,7
rhoncus.,8
rhoncus.,8
risus,5
risus,5
risus,5
risus,5
risus,,6
risus.,6
rutrum,6
rutrum,6
sagittis,8
sagittis,8
sapien,6
scelerisque,11
scelerisque,11
scelerisque,,12
sed,3
sed,3
sed,3
sed,3
sem,3
sem,3
sem,3
sem,,4
semper,6
semper,6
semper,6
sit,3
sit,3
sit,3
sit,3
sit,3
sit,3
sit,3
sit,3
sodales,7
sodales,7
suscipit,8
tellus,6
tellus,6
tellus.,7
tempor,6
tempor,6
tempor,6
tempor,6
tempor,,7
tincidunt,9
tincidunt,9
tincidunt.,10
tincidunt.,10
tortor,6
tortor,6
tortor,6
tortor.,7
tristique,9
tristique,9
tristique,9
turpis,6
turpis,6
turpis,6
turpis,6
ullamcorper,11
ullamcorper,11
ullamcorper,11
ullamcorper,11
ultrices,8
ultrices.,9
ultricies,9
ultricies,9
urna,4
urna,4
urna,4
urna,4
ut,2
ut,2
ut,2
ut,2
ut,2
ut,2
ut,2
ut,,3
varius,6
varius.,7
vehicula,8
vehicula,,9
vel,3
velit,5
velit,5
velit,5
velit,5
venenatis,9
venenatis,9
venenatis,9
vestibulum,10
vestibulum,10
vitae,,6
viverra,7
viverra,7
viverra,7
viverra,7
viverra,7
volutpat,,9
vulputate,9
vulputate,9
vulputate,,10
vulputate.,10
